,TF,Target,Label
0,0,198,1
1,0,674,1
2,0,885,1
3,7,465,1
4,13,390,1
5,13,534,1
6,13,214,1
7,13,632,1
8,13,842,1
9,13,298,1
10,13,196,1
11,13,671,1
12,24,717,1
13,24,128,1
14,24,857,1
15,24,31,1
16,25,220,1
17,25,319,1
18,25,885,1
19,25,703,1
20,25,584,1
21,25,257,1
22,25,799,1
23,29,170,1
24,29,882,1
25,30,856,1
26,30,848,1
27,30,411,1
28,30,839,1
29,30,658,1
30,30,824,1
31,30,298,1
32,30,677,1
33,30,207,1
34,30,787,1
35,30,335,1
36,30,119,1
37,30,40,1
38,30,761,1
39,30,254,1
40,30,80,1
41,30,250,1
42,30,248,1
43,30,671,1
44,30,899,1
45,31,341,1
46,31,805,1
47,31,623,1
48,31,857,1
49,31,70,1
50,31,492,1
51,31,10,1
52,31,127,1
53,31,562,1
54,31,645,1
55,31,24,1
56,31,796,1
57,32,752,1
58,32,16,1
59,34,792,1
60,35,871,1
61,35,901,1
62,35,472,1
63,35,623,1
64,35,384,1
65,35,562,1
66,35,660,1
67,35,753,1
68,35,364,1
69,35,586,1
70,35,606,1
71,35,682,1
72,35,273,1
73,35,10,1
74,35,645,1
75,35,607,1
76,35,421,1
77,35,674,1
78,35,546,1
79,35,161,1
80,40,75,1
81,40,145,1
82,40,30,1
83,40,335,1
84,40,658,1
85,45,295,1
86,45,571,1
87,45,152,1
88,45,239,1
89,45,848,1
90,45,427,1
91,46,849,1
92,46,909,1
93,50,492,1
94,50,889,1
95,50,562,1
96,50,472,1
97,52,809,1
98,52,239,1
99,52,252,1
100,52,646,1
101,52,642,1
102,52,624,1
103,52,152,1
104,52,204,1
105,52,351,1
106,52,199,1
107,52,650,1
108,52,844,1
109,52,898,1
110,52,321,1
111,52,302,1
112,54,571,1
113,54,655,1
114,54,546,1
115,54,682,1
116,54,35,1
117,54,613,1
118,54,623,1
119,54,553,1
120,54,492,1
121,54,351,1
122,54,889,1
123,54,606,1
124,54,305,1
125,54,384,1
126,54,2,1
127,54,674,1
128,54,491,1
129,55,195,1
130,55,411,1
131,62,427,1
132,62,459,1
133,62,239,1
134,62,152,1
135,63,468,1
136,63,780,1
137,63,211,1
138,63,687,1
139,74,809,1
140,74,459,1
141,74,264,1
142,74,52,1
143,74,208,1
144,74,383,1
145,74,152,1
146,74,103,1
147,74,578,1
148,74,667,1
149,75,250,1
150,75,638,1
151,75,40,1
152,75,355,1
153,77,839,1
154,80,286,1
155,80,642,1
156,80,282,1
157,80,30,1
158,80,34,1
159,81,815,1
160,82,453,1
161,82,281,1
162,82,214,1
163,82,344,1
164,82,397,1
165,82,768,1
166,82,138,1
167,82,671,1
168,82,316,1
169,82,853,1
170,83,687,1
171,83,468,1
172,85,792,1
173,85,558,1
174,89,187,1
175,93,885,1
176,93,613,1
177,94,366,1
178,98,898,1
179,98,752,1
180,103,642,1
181,103,742,1
182,103,116,1
183,103,321,1
184,103,898,1
185,103,204,1
186,103,383,1
187,103,809,1
188,105,725,1
189,116,541,1
190,116,204,1
191,116,383,1
192,116,302,1
193,116,809,1
194,116,29,1
195,116,282,1
196,116,201,1
197,117,792,1
198,119,803,1
199,119,30,1
200,119,765,1
201,119,693,1
202,120,158,1
203,124,909,1
204,124,658,1
205,124,200,1
206,124,298,1
207,124,595,1
208,126,760,1
209,128,732,1
210,128,24,1
211,128,670,1
212,128,163,1
213,133,262,1
214,133,885,1
215,139,885,1
216,140,584,1
217,140,25,1
218,140,622,1
219,140,453,1
220,140,163,1
221,140,464,1
222,140,762,1
223,145,737,1
224,145,451,1
225,146,898,1
226,151,417,1
227,151,242,1
228,152,750,1
229,152,169,1
230,152,531,1
231,152,295,1
232,152,283,1
233,152,282,1
234,152,302,1
235,152,459,1
236,152,372,1
237,152,45,1
238,152,687,1
239,152,803,1
240,152,195,1
241,152,788,1
242,152,572,1
243,152,450,1
244,152,570,1
245,152,624,1
246,152,886,1
247,152,709,1
248,152,211,1
249,152,270,1
250,152,468,1
251,152,321,1
252,152,342,1
253,152,752,1
254,152,351,1
255,152,252,1
256,152,496,1
257,152,421,1
258,152,427,1
259,152,335,1
260,152,62,1
261,152,52,1
262,152,568,1
263,158,279,1
264,158,244,1
265,158,462,1
266,158,139,1
267,158,280,1
268,158,722,1
269,158,428,1
270,162,568,1
271,162,361,1
272,162,295,1
273,162,667,1
274,162,152,1
275,162,372,1
276,162,383,1
277,163,128,1
278,163,464,1
279,163,891,1
280,163,856,1
281,163,584,1
282,163,892,1
283,163,140,1
284,164,535,1
285,164,858,1
286,164,584,1
287,164,909,1
288,164,351,1
289,164,674,1
290,165,488,1
291,169,152,1
292,169,241,1
293,169,667,1
294,169,239,1
295,170,584,1
296,170,29,1
297,170,116,1
298,170,891,1
299,173,892,1
300,173,825,1
301,175,512,1
302,175,259,1
303,178,558,1
304,178,622,1
305,179,439,1
306,179,479,1
307,187,309,1
308,187,341,1
309,187,701,1
310,187,460,1
311,187,654,1
312,187,31,1
313,187,854,1
314,187,622,1
315,190,765,1
316,190,870,1
317,190,845,1
318,190,204,1
319,190,557,1
320,190,499,1
321,190,431,1
322,190,613,1
323,191,885,1
324,195,351,1
325,195,162,1
326,195,152,1
327,195,336,1
328,195,211,1
329,195,544,1
330,195,540,1
331,195,531,1
332,198,270,1
333,198,787,1
334,198,858,1
335,198,622,1
336,198,650,1
337,198,613,1
338,198,803,1
339,198,550,1
340,198,755,1
341,198,772,1
342,198,457,1
343,198,259,1
344,198,808,1
345,198,31,1
346,198,842,1
347,198,453,1
348,198,265,1
349,198,343,1
350,198,595,1
351,198,164,1
352,198,465,1
353,198,850,1
354,199,620,1
355,199,497,1
356,199,355,1
357,199,571,1
358,199,259,1
359,199,361,1
360,199,763,1
361,199,52,1
362,199,402,1
363,199,512,1
364,200,595,1
365,200,909,1
366,200,124,1
367,200,203,1
368,201,311,1
369,201,809,1
370,201,479,1
371,201,74,1
372,201,302,1
373,201,667,1
374,201,383,1
375,201,642,1
376,201,650,1
377,201,752,1
378,201,336,1
379,201,239,1
380,201,898,1
381,201,321,1
382,201,844,1
383,201,646,1
384,201,521,1
385,201,307,1
386,201,152,1
387,203,200,1
388,204,282,1
389,204,557,1
390,204,52,1
391,204,578,1
392,204,201,1
393,204,742,1
394,204,383,1
395,204,524,1
396,204,252,1
397,204,541,1
398,205,508,1
399,205,671,1
400,205,850,1
401,205,15,1
402,205,512,1
403,205,181,1
404,205,571,1
405,205,16,1
406,205,259,1
407,205,207,1
408,205,465,1
409,205,521,1
410,205,402,1
411,205,461,1
412,205,768,1
413,206,886,1
414,206,317,1
415,207,824,1
416,207,885,1
417,207,715,1
418,207,671,1
419,208,74,1
420,211,336,1
421,211,471,1
422,211,667,1
423,211,239,1
424,211,780,1
425,211,351,1
426,211,468,1
427,211,571,1
428,211,892,1
429,211,496,1
430,211,787,1
431,211,63,1
432,212,491,1
433,212,689,1
434,212,384,1
435,212,762,1
436,212,571,1
437,212,199,1
438,212,275,1
439,212,485,1
440,216,536,1
441,216,262,1
442,219,152,1
443,219,667,1
444,219,239,1
445,219,241,1
446,223,340,1
447,223,233,1
448,223,803,1
449,223,747,1
450,229,820,1
451,229,622,1
452,229,337,1
453,233,304,1
454,233,124,1
455,233,803,1
456,233,759,1
457,233,860,1
458,233,747,1
459,233,298,1
460,238,461,1
461,239,729,1
462,239,709,1
463,239,788,1
464,239,787,1
465,239,342,1
466,239,270,1
467,239,605,1
468,239,570,1
469,239,450,1
470,239,496,1
471,239,892,1
472,239,531,1
473,239,906,1
474,239,307,1
475,239,283,1
476,239,219,1
477,239,624,1
478,239,752,1
479,239,571,1
480,239,568,1
481,239,803,1
482,239,241,1
483,239,809,1
484,239,335,1
485,239,52,1
486,239,411,1
487,239,201,1
488,239,336,1
489,239,750,1
490,239,62,1
491,239,286,1
492,239,45,1
493,239,252,1
494,239,351,1
495,239,360,1
496,242,732,1
497,242,858,1
498,242,198,1
499,242,572,1
500,242,164,1
501,242,151,1
502,242,539,1
503,243,383,1
504,244,858,1
505,244,377,1
506,244,129,1
507,244,158,1
508,244,584,1
509,244,564,1
510,244,885,1
511,244,760,1
512,244,109,1
513,244,654,1
514,248,765,1
515,248,35,1
516,248,262,1
517,248,793,1
518,248,715,1
519,248,853,1
520,248,803,1
521,248,398,1
522,248,472,1
523,248,521,1
524,248,787,1
525,248,489,1
526,248,637,1
527,248,591,1
528,250,457,1
529,250,335,1
530,250,30,1
531,250,670,1
532,252,321,1
533,252,844,1
534,252,439,1
535,252,322,1
536,252,52,1
537,252,162,1
538,252,311,1
539,252,809,1
540,252,302,1
541,252,336,1
542,252,361,1
543,252,239,1
544,252,667,1
545,252,838,1
546,252,752,1
547,252,521,1
548,254,30,1
549,254,40,1
550,254,335,1
551,259,759,1
552,259,508,1
553,259,637,1
554,259,355,1
555,259,402,1
556,259,457,1
557,259,199,1
558,259,509,1
559,259,175,1
560,259,815,1
561,259,872,1
562,259,725,1
563,259,496,1
564,261,885,1
565,262,536,1
566,262,885,1
567,262,133,1
568,262,248,1
569,264,74,1
570,268,88,1
571,268,419,1
572,268,584,1
573,268,603,1
574,268,755,1
575,268,493,1
576,268,562,1
577,268,832,1
578,268,82,1
579,268,182,1
580,268,824,1
581,268,880,1
582,270,241,1
583,270,198,1
584,270,286,1
585,270,906,1
586,270,206,1
587,270,595,1
588,270,336,1
589,270,239,1
590,270,570,1
591,270,351,1
592,278,133,1
593,278,45,1
594,278,760,1
595,278,521,1
596,278,571,1
597,278,848,1
598,278,765,1
599,278,15,1
600,278,787,1
601,281,82,1
602,281,564,1
603,281,673,1
604,281,853,1
605,282,201,1
606,282,752,1
607,282,311,1
608,282,52,1
609,282,351,1
610,282,423,1
611,282,286,1
612,282,541,1
613,282,809,1
614,282,321,1
615,282,239,1
616,282,103,1
617,282,116,1
618,282,74,1
619,282,15,1
620,282,667,1
621,282,383,1
622,282,204,1
623,282,838,1
624,286,531,1
625,286,765,1
626,286,605,1
627,286,282,1
628,286,788,1
629,286,80,1
630,286,650,1
631,286,809,1
632,286,646,1
633,286,624,1
634,286,496,1
635,286,471,1
636,286,571,1
637,286,572,1
638,286,311,1
639,286,667,1
640,286,687,1
641,286,787,1
642,286,336,1
643,286,729,1
644,286,351,1
645,286,307,1
646,286,540,1
647,286,321,1
648,286,906,1
649,286,252,1
650,286,200,1
651,286,459,1
652,286,838,1
653,286,52,1
654,286,892,1
655,288,845,1
656,288,564,1
657,288,885,1
658,288,595,1
659,290,869,1
660,290,355,1
661,290,319,1
662,290,217,1
663,295,286,1
664,295,691,1
665,295,450,1
666,295,568,1
667,295,239,1
668,295,189,1
669,295,427,1
670,295,667,1
671,295,78,1
672,295,45,1
673,295,162,1
674,295,483,1
675,295,155,1
676,298,242,1
677,298,759,1
678,298,356,1
679,298,595,1
680,298,747,1
681,298,13,1
682,298,223,1
683,298,803,1
684,298,703,1
685,298,233,1
686,298,390,1
687,298,587,1
688,302,131,1
689,302,898,1
690,302,578,1
691,302,809,1
692,302,650,1
693,302,752,1
694,302,307,1
695,302,311,1
696,302,541,1
697,302,838,1
698,302,239,1
699,302,667,1
700,302,642,1
701,302,795,1
702,302,282,1
703,302,336,1
704,304,340,1
705,304,803,1
706,304,30,1
707,304,780,1
708,307,439,1
709,307,201,1
710,307,624,1
711,307,844,1
712,307,282,1
713,307,239,1
714,307,322,1
715,307,642,1
716,307,302,1
717,307,286,1
718,307,311,1
719,307,898,1
720,307,750,1
721,307,52,1
722,311,52,1
723,311,898,1
724,311,286,1
725,311,624,1
726,311,668,1
727,311,809,1
728,311,650,1
729,311,752,1
730,311,844,1
731,311,302,1
732,311,152,1
733,311,667,1
734,311,282,1
735,311,642,1
736,311,252,1
737,317,206,1
738,318,421,1
739,318,708,1
740,319,701,1
741,319,808,1
742,319,595,1
743,319,25,1
744,319,703,1
745,319,734,1
746,321,311,1
747,321,898,1
748,321,286,1
749,321,838,1
750,321,541,1
751,321,646,1
752,321,201,1
753,321,336,1
754,321,307,1
755,321,642,1
756,321,252,1
757,321,578,1
758,321,239,1
759,327,205,1
760,327,615,1
761,328,273,1
762,328,562,1
763,328,492,1
764,328,772,1
765,328,465,1
766,328,198,1
767,328,461,1
768,328,10,1
769,335,681,1
770,335,298,1
771,335,248,1
772,335,710,1
773,335,637,1
774,335,40,1
775,335,856,1
776,335,304,1
777,335,355,1
778,335,351,1
779,335,336,1
780,335,233,1
781,335,30,1
782,335,671,1
783,335,250,1
784,335,811,1
785,335,658,1
786,335,538,1
787,335,286,1
788,335,899,1
789,336,201,1
790,336,372,1
791,336,321,1
792,336,52,1
793,336,295,1
794,336,351,1
795,336,788,1
796,336,729,1
797,336,571,1
798,336,624,1
799,336,809,1
800,336,886,1
801,336,531,1
802,336,411,1
803,336,650,1
804,336,282,1
805,336,302,1
806,336,471,1
807,336,898,1
808,336,195,1
809,336,311,1
810,336,421,1
811,336,605,1
812,336,677,1
813,336,496,1
814,336,427,1
815,336,892,1
816,336,342,1
817,336,803,1
818,340,658,1
819,340,304,1
820,341,31,1
821,341,309,1
822,341,805,1
823,342,750,1
824,342,29,1
825,342,239,1
826,342,667,1
827,342,286,1
828,351,584,1
829,351,372,1
830,351,709,1
831,351,360,1
832,351,411,1
833,351,787,1
834,351,788,1
835,351,239,1
836,351,211,1
837,351,311,1
838,351,809,1
839,351,667,1
840,351,642,1
841,351,335,1
842,351,244,1
843,351,531,1
844,351,286,1
845,351,677,1
846,351,618,1
847,351,307,1
848,351,270,1
849,351,646,1
850,351,195,1
851,351,321,1
852,351,803,1
853,351,450,1
854,351,687,1
855,351,729,1
856,351,342,1
857,351,750,1
858,351,52,1
859,351,152,1
860,355,853,1
861,355,759,1
862,355,857,1
863,355,43,1
864,355,755,1
865,355,111,1
866,355,671,1
867,355,402,1
868,355,887,1
869,355,451,1
870,355,530,1
871,355,65,1
872,355,259,1
873,355,449,1
874,355,82,1
875,355,622,1
876,355,787,1
877,355,199,1
878,355,343,1
879,355,453,1
880,355,763,1
881,355,509,1
882,355,637,1
883,355,457,1
884,355,885,1
885,355,831,1
886,355,512,1
887,355,725,1
888,356,734,1
889,356,298,1
890,356,658,1
891,360,336,1
892,360,858,1
893,360,286,1
894,360,531,1
895,360,553,1
896,360,667,1
897,360,606,1
898,360,885,1
899,360,199,1
900,360,450,1
901,360,195,1
902,361,577,1
903,361,199,1
904,361,479,1
905,361,201,1
906,361,162,1
907,366,94,1
908,367,411,1
909,367,211,1
910,372,155,1
911,372,45,1
912,372,336,1
913,372,447,1
914,372,295,1
915,372,286,1
916,372,162,1
917,372,897,1
918,372,667,1
919,372,78,1
920,372,829,1
921,372,283,1
922,372,427,1
923,372,459,1
924,372,152,1
925,383,74,1
926,383,578,1
927,383,204,1
928,383,282,1
929,383,752,1
930,383,742,1
931,383,642,1
932,383,116,1
933,386,239,1
934,386,667,1
935,386,427,1
936,386,459,1
937,390,506,1
938,390,298,1
939,390,768,1
940,390,82,1
941,390,316,1
942,390,207,1
943,391,80,1
944,396,671,1
945,396,562,1
946,396,10,1
947,396,262,1
948,397,82,1
949,398,248,1
950,398,497,1
951,402,815,1
952,402,496,1
953,402,512,1
954,402,808,1
955,402,199,1
956,402,259,1
957,402,508,1
958,404,777,1
959,404,497,1
960,411,152,1
961,411,780,1
962,411,671,1
963,411,677,1
964,411,351,1
965,411,367,1
966,411,239,1
967,411,803,1
968,411,787,1
969,411,808,1
970,411,761,1
971,411,571,1
972,411,211,1
973,411,892,1
974,411,496,1
975,411,577,1
976,417,53,1
977,417,729,1
978,419,506,1
979,419,618,1
980,419,88,1
981,419,493,1
982,419,562,1
983,419,272,1
984,419,193,1
985,419,755,1
986,423,282,1
987,424,428,1
988,424,279,1
989,424,853,1
990,424,368,1
991,427,239,1
992,427,162,1
993,427,372,1
994,427,351,1
995,427,283,1
996,427,336,1
997,427,169,1
998,427,74,1
999,427,241,1
1000,427,45,1
1001,427,450,1
1002,427,570,1
1003,427,459,1
1004,427,270,1
1005,427,386,1
1006,427,219,1
1007,428,460,1
1008,428,424,1
1009,428,907,1
1010,434,628,1
1011,435,872,1
1012,435,512,1
1013,439,479,1
1014,439,179,1
1015,439,307,1
1016,450,372,1
1017,450,667,1
1018,450,239,1
1019,450,360,1
1020,450,152,1
1021,450,421,1
1022,450,540,1
1023,450,295,1
1024,450,870,1
1025,450,750,1
1026,453,853,1
1027,453,42,1
1028,453,760,1
1029,453,182,1
1030,453,140,1
1031,453,637,1
1032,453,13,1
1033,453,778,1
1034,453,188,1
1035,453,622,1
1036,453,715,1
1037,453,220,1
1038,453,198,1
1039,453,811,1
1040,453,887,1
1041,453,48,1
1042,457,574,1
1043,457,787,1
1044,457,43,1
1045,457,760,1
1046,457,571,1
1047,457,220,1
1048,457,632,1
1049,457,824,1
1050,457,335,1
1051,457,355,1
1052,457,259,1
1053,457,803,1
1054,458,244,1
1055,458,853,1
1056,458,460,1
1057,458,622,1
1058,459,74,1
1059,459,169,1
1060,459,386,1
1061,459,62,1
1062,459,270,1
1063,459,372,1
1064,459,427,1
1065,459,239,1
1066,460,130,1
1067,460,622,1
1068,460,853,1
1069,460,309,1
1070,460,885,1
1071,460,386,1
1072,460,25,1
1073,461,708,1
1074,461,885,1
1075,461,16,1
1076,461,787,1
1077,461,693,1
1078,461,65,1
1079,461,265,1
1080,461,15,1
1081,461,808,1
1082,461,638,1
1083,461,127,1
1084,461,645,1
1085,461,205,1
1086,461,772,1
1087,461,248,1
1088,462,129,1
1089,462,280,1
1090,462,564,1
1091,462,279,1
1092,464,163,1
1093,464,512,1
1094,464,259,1
1095,464,496,1
1096,464,355,1
1097,464,850,1
1098,464,725,1
1099,464,508,1
1100,465,205,1
1101,465,461,1
1102,465,755,1
1103,465,198,1
1104,465,65,1
1105,465,671,1
1106,465,7,1
1107,467,479,1
1108,468,687,1
1109,468,152,1
1110,468,750,1
1111,468,605,1
1112,468,351,1
1113,468,286,1
1114,468,83,1
1115,468,677,1
1116,471,750,1
1117,471,667,1
1118,471,677,1
1119,471,572,1
1120,471,211,1
1121,471,605,1
1122,471,351,1
1123,472,660,1
1124,472,889,1
1125,472,273,1
1126,472,384,1
1127,472,623,1
1128,472,787,1
1129,472,35,1
1130,472,492,1
1131,472,498,1
1132,472,793,1
1133,472,606,1
1134,472,248,1
1135,481,556,1
1136,483,568,1
1137,483,155,1
1138,483,829,1
1139,483,691,1
1140,483,78,1
1141,483,740,1
1142,483,751,1
1143,485,345,1
1144,485,591,1
1145,485,328,1
1146,485,322,1
1147,485,668,1
1148,485,212,1
1149,485,844,1
1150,488,165,1
1151,489,571,1
1152,489,793,1
1153,489,521,1
1154,491,345,1
1155,491,275,1
1156,491,660,1
1157,491,364,1
1158,491,827,1
1159,491,10,1
1160,491,328,1
1161,491,498,1
1162,491,689,1
1163,491,553,1
1164,491,623,1
1165,491,492,1
1166,491,588,1
1167,491,54,1
1168,491,762,1
1169,496,152,1
1170,496,355,1
1171,496,411,1
1172,496,211,1
1173,496,572,1
1174,496,336,1
1175,496,259,1
1176,496,909,1
1177,496,512,1
1178,496,787,1
1179,496,239,1
1180,496,571,1
1181,496,286,1
1182,496,468,1
1183,496,398,1
1184,496,464,1
1185,497,404,1
1186,497,677,1
1187,497,398,1
1188,497,680,1
1189,497,897,1
1190,497,751,1
1191,498,623,1
1192,498,491,1
1193,498,360,1
1194,498,682,1
1195,498,50,1
1196,498,889,1
1197,498,695,1
1198,498,87,1
1199,498,613,1
1200,498,248,1
1201,498,10,1
1202,498,54,1
1203,498,273,1
1204,498,660,1
1205,498,2,1
1206,498,562,1
1207,498,607,1
1208,498,305,1
1209,499,571,1
1210,499,869,1
1211,499,644,1
1212,499,278,1
1213,508,870,1
1214,508,808,1
1215,508,402,1
1216,508,199,1
1217,508,850,1
1218,508,355,1
1219,508,550,1
1220,508,496,1
1221,508,891,1
1222,508,217,1
1223,512,496,1
1224,512,355,1
1225,512,759,1
1226,512,259,1
1227,512,435,1
1228,512,402,1
1229,512,508,1
1230,512,205,1
1231,515,673,1
1232,519,857,1
1233,520,623,1
1234,520,786,1
1235,521,646,1
1236,521,499,1
1237,521,752,1
1238,521,201,1
1239,521,252,1
1240,521,278,1
1241,521,869,1
1242,521,248,1
1243,529,416,1
1244,531,152,1
1245,531,421,1
1246,531,351,1
1247,531,239,1
1248,531,540,1
1249,531,360,1
1250,531,450,1
1251,535,242,1
1252,535,858,1
1253,536,262,1
1254,536,885,1
1255,537,182,1
1256,537,453,1
1257,538,30,1
1258,538,335,1
1259,540,667,1
1260,540,152,1
1261,540,450,1
1262,540,195,1
1263,540,239,1
1264,540,360,1
1265,540,286,1
1266,541,578,1
1267,541,282,1
1268,541,116,1
1269,541,321,1
1270,541,752,1
1271,544,195,1
1272,549,298,1
1273,550,402,1
1274,550,755,1
1275,550,198,1
1276,550,461,1
1277,550,265,1
1278,550,588,1
1279,554,800,1
1280,556,828,1
1281,556,571,1
1282,556,615,1
1283,557,190,1
1284,557,650,1
1285,557,485,1
1286,557,857,1
1287,557,870,1
1288,557,421,1
1289,557,545,1
1290,564,885,1
1291,564,288,1
1292,564,244,1
1293,564,279,1
1294,564,462,1
1295,564,377,1
1296,564,158,1
1297,564,844,1
1298,568,447,1
1299,568,239,1
1300,568,189,1
1301,568,691,1
1302,568,162,1
1303,568,829,1
1304,568,122,1
1305,568,78,1
1306,568,667,1
1307,570,336,1
1308,570,427,1
1309,570,886,1
1310,570,152,1
1311,570,906,1
1312,570,270,1
1313,570,351,1
1314,570,241,1
1315,571,760,1
1316,571,574,1
1317,571,645,1
1318,571,15,1
1319,571,793,1
1320,571,465,1
1321,571,637,1
1322,571,741,1
1323,571,572,1
1324,571,152,1
1325,571,772,1
1326,571,892,1
1327,571,336,1
1328,571,239,1
1329,571,787,1
1330,571,591,1
1331,571,248,1
1332,571,286,1
1333,571,278,1
1334,571,205,1
1335,571,623,1
1336,571,489,1
1337,571,45,1
1338,571,411,1
1339,571,521,1
1340,571,849,1
1341,571,575,1
1342,571,10,1
1343,571,485,1
1344,571,556,1
1345,572,496,1
1346,572,732,1
1347,572,151,1
1348,572,336,1
1349,572,351,1
1350,572,687,1
1351,572,411,1
1352,572,242,1
1353,572,787,1
1354,572,677,1
1355,572,468,1
1356,572,571,1
1357,572,605,1
1358,574,909,1
1359,574,637,1
1360,574,760,1
1361,574,278,1
1362,574,25,1
1363,574,205,1
1364,575,571,1
1365,575,521,1
1366,577,411,1
1367,577,307,1
1368,577,335,1
1369,577,361,1
1370,577,216,1
1371,577,671,1
1372,578,383,1
1373,578,742,1
1374,578,282,1
1375,578,74,1
1376,578,302,1
1377,578,201,1
1378,578,321,1
1379,578,541,1
1380,582,831,1
1381,584,164,1
1382,584,885,1
1383,584,857,1
1384,584,244,1
1385,584,762,1
1386,584,701,1
1387,584,268,1
1388,584,824,1
1389,584,178,1
1390,585,113,1
1391,585,671,1
1392,585,435,1
1393,585,530,1
1394,587,408,1
1395,587,298,1
1396,591,242,1
1397,591,15,1
1398,591,787,1
1399,591,793,1
1400,591,472,1
1401,591,164,1
1402,591,885,1
1403,591,858,1
1404,592,370,1
1405,595,699,1
1406,595,556,1
1407,595,298,1
1408,595,909,1
1409,595,163,1
1410,595,270,1
1411,595,319,1
1412,595,198,1
1413,595,327,1
1414,595,828,1
1415,606,161,1
1416,606,682,1
1417,606,546,1
1418,606,305,1
1419,606,678,1
1420,606,827,1
1421,606,889,1
1422,606,613,1
1423,606,562,1
1424,606,623,1
1425,606,518,1
1426,606,87,1
1427,606,753,1
1428,606,498,1
1429,606,660,1
1430,606,491,1
1431,606,35,1
1432,606,708,1
1433,606,645,1
1434,606,360,1
1435,607,645,1
1436,607,491,1
1437,607,2,1
1438,607,161,1
1439,607,54,1
1440,607,248,1
1441,607,273,1
1442,607,421,1
1443,607,553,1
1444,607,660,1
1445,607,682,1
1446,607,655,1
1447,607,305,1
1448,607,546,1
1449,607,586,1
1450,607,708,1
1451,609,839,1
1452,615,853,1
1453,615,327,1
1454,615,556,1
1455,615,481,1
1456,616,275,1
1457,616,65,1
1458,618,493,1
1459,618,268,1
1460,618,755,1
1461,618,764,1
1462,618,857,1
1463,618,506,1
1464,618,272,1
1465,618,832,1
1466,618,88,1
1467,618,351,1
1468,621,809,1
1469,621,103,1
1470,621,742,1
1471,622,440,1
1472,622,853,1
1473,622,453,1
1474,622,188,1
1475,622,282,1
1476,622,178,1
1477,622,187,1
1478,622,85,1
1479,622,48,1
1480,622,811,1
1481,622,792,1
1482,622,43,1
1483,622,558,1
1484,622,888,1
1485,622,266,1
1486,622,457,1
1487,622,681,1
1488,622,909,1
1489,624,302,1
1490,624,201,1
1491,624,152,1
1492,624,311,1
1493,624,307,1
1494,624,752,1
1495,624,838,1
1496,624,650,1
1497,624,642,1
1498,624,898,1
1499,624,286,1
1500,624,321,1
1501,628,475,1
1502,628,785,1
1503,628,853,1
1504,632,803,1
1505,632,457,1
1506,632,250,1
1507,637,824,1
1508,637,205,1
1509,637,803,1
1510,637,303,1
1511,637,574,1
1512,637,278,1
1513,637,848,1
1514,637,15,1
1515,637,870,1
1516,637,259,1
1517,637,335,1
1518,637,885,1
1519,638,772,1
1520,638,461,1
1521,641,671,1
1522,641,316,1
1523,641,768,1
1524,641,390,1
1525,641,534,1
1526,642,578,1
1527,642,307,1
1528,642,201,1
1529,642,302,1
1530,642,742,1
1531,642,838,1
1532,642,286,1
1533,642,750,1
1534,642,321,1
1535,642,80,1
1536,642,621,1
1537,642,752,1
1538,642,351,1
1539,642,239,1
1540,642,52,1
1541,644,161,1
1542,644,708,1
1543,644,613,1
1544,644,870,1
1545,644,885,1
1546,644,557,1
1547,644,690,1
1548,644,499,1
1549,644,190,1
1550,646,307,1
1551,646,898,1
1552,646,809,1
1553,646,52,1
1554,646,650,1
1555,646,201,1
1556,646,302,1
1557,646,752,1
1558,646,286,1
1559,646,336,1
1560,646,311,1
1561,646,642,1
1562,650,52,1
1563,650,336,1
1564,650,252,1
1565,650,752,1
1566,650,201,1
1567,650,286,1
1568,650,351,1
1569,650,198,1
1570,650,146,1
1571,650,541,1
1572,650,838,1
1573,650,282,1
1574,650,239,1
1575,650,302,1
1576,650,80,1
1577,654,187,1
1578,654,279,1
1579,654,564,1
1580,654,421,1
1581,654,805,1
1582,654,710,1
1583,654,129,1
1584,658,335,1
1585,658,888,1
1586,658,873,1
1587,658,340,1
1588,658,671,1
1589,658,853,1
1590,658,298,1
1591,658,43,1
1592,658,473,1
1593,658,333,1
1594,658,13,1
1595,658,484,1
1596,658,344,1
1597,658,828,1
1598,658,534,1
1599,658,759,1
1600,658,842,1
1601,658,259,1
1602,658,316,1
1603,658,236,1
1604,658,214,1
1605,660,35,1
1606,660,546,1
1607,660,889,1
1608,660,275,1
1609,660,613,1
1610,660,678,1
1611,660,305,1
1612,660,54,1
1613,660,607,1
1614,660,606,1
1615,660,682,1
1616,660,384,1
1617,660,491,1
1618,660,498,1
1619,660,2,1
1620,660,753,1
1621,660,562,1
1622,664,670,1
1623,664,397,1
1624,664,128,1
1625,667,211,1
1626,667,52,1
1627,667,803,1
1628,667,201,1
1629,667,427,1
1630,667,152,1
1631,667,752,1
1632,667,372,1
1633,667,459,1
1634,667,307,1
1635,667,729,1
1636,667,302,1
1637,667,838,1
1638,667,62,1
1639,667,531,1
1640,667,642,1
1641,667,788,1
1642,667,886,1
1643,667,677,1
1644,667,239,1
1645,667,809,1
1646,667,270,1
1647,667,736,1
1648,667,283,1
1649,667,570,1
1650,667,898,1
1651,667,605,1
1652,667,540,1
1653,667,351,1
1654,667,45,1
1655,667,906,1
1656,667,335,1
1657,667,411,1
1658,667,568,1
1659,667,342,1
1660,668,485,1
1661,668,15,1
1662,668,311,1
1663,668,591,1
1664,668,571,1
1665,670,128,1
1666,670,664,1
1667,670,250,1
1668,670,485,1
1669,671,30,1
1670,671,714,1
1671,671,316,1
1672,671,575,1
1673,671,761,1
1674,671,715,1
1675,671,396,1
1676,671,13,1
1677,671,768,1
1678,671,571,1
1679,671,82,1
1680,671,43,1
1681,671,207,1
1682,671,637,1
1683,671,572,1
1684,671,577,1
1685,671,585,1
1686,671,521,1
1687,671,870,1
1688,671,641,1
1689,673,475,1
1690,673,515,1
1691,673,885,1
1692,673,839,1
1693,673,190,1
1694,674,498,1
1695,674,54,1
1696,674,0,1
1697,674,858,1
1698,674,839,1
1699,674,475,1
1700,674,360,1
1701,674,607,1
1702,677,667,1
1703,677,763,1
1704,677,389,1
1705,677,30,1
1706,677,787,1
1707,677,199,1
1708,677,892,1
1709,677,193,1
1710,677,572,1
1711,677,468,1
1712,677,336,1
1713,677,471,1
1714,677,620,1
1715,677,497,1
1716,677,239,1
1717,677,211,1
1718,680,497,1
1719,687,83,1
1720,687,468,1
1721,687,351,1
1722,687,787,1
1723,687,239,1
1724,687,336,1
1725,687,152,1
1726,687,286,1
1727,687,571,1
1728,691,189,1
1729,691,490,1
1730,691,740,1
1731,691,20,1
1732,691,494,1
1733,691,829,1
1734,691,372,1
1735,691,897,1
1736,691,483,1
1737,691,155,1
1738,699,233,1
1739,699,298,1
1740,703,319,1
1741,703,760,1
1742,704,173,1
1743,704,163,1
1744,708,553,1
1745,708,623,1
1746,708,607,1
1747,708,2,1
1748,708,498,1
1749,708,318,1
1750,708,461,1
1751,708,275,1
1752,708,54,1
1753,708,586,1
1754,708,305,1
1755,708,690,1
1756,708,753,1
1757,708,16,1
1758,708,889,1
1759,708,870,1
1760,708,606,1
1761,708,35,1
1762,708,475,1
1763,708,644,1
1764,709,152,1
1765,709,667,1
1766,709,729,1
1767,709,351,1
1768,710,885,1
1769,710,803,1
1770,714,453,1
1771,714,42,1
1772,714,220,1
1773,714,778,1
1774,715,824,1
1775,715,453,1
1776,715,30,1
1777,715,853,1
1778,715,205,1
1779,715,729,1
1780,715,288,1
1781,715,765,1
1782,715,248,1
1783,717,24,1
1784,717,618,1
1785,717,857,1
1786,722,853,1
1787,722,158,1
1788,725,508,1
1789,725,464,1
1790,725,824,1
1791,725,105,1
1792,725,259,1
1793,725,335,1
1794,732,539,1
1795,732,572,1
1796,732,151,1
1797,732,187,1
1798,732,701,1
1799,732,242,1
1800,734,356,1
1801,736,667,1
1802,736,336,1
1803,736,152,1
1804,736,239,1
1805,736,885,1
1806,737,885,1
1807,739,885,1
1808,741,571,1
1809,742,467,1
1810,742,752,1
1811,742,383,1
1812,742,642,1
1813,742,103,1
1814,742,621,1
1815,747,233,1
1816,747,298,1
1817,748,839,1
1818,750,286,1
1819,750,687,1
1820,750,282,1
1821,750,605,1
1822,750,570,1
1823,750,427,1
1824,750,571,1
1825,750,411,1
1826,750,335,1
1827,750,752,1
1828,750,736,1
1829,750,788,1
1830,750,677,1
1831,750,572,1
1832,750,302,1
1833,750,803,1
1834,750,787,1
1835,750,809,1
1836,750,360,1
1837,750,540,1
1838,750,838,1
1839,750,531,1
1840,750,270,1
1841,750,906,1
1842,750,886,1
1843,750,201,1
1844,750,650,1
1845,750,195,1
1846,752,750,1
1847,752,578,1
1848,752,282,1
1849,752,204,1
1850,752,844,1
1851,752,650,1
1852,752,322,1
1853,752,624,1
1854,752,521,1
1855,752,541,1
1856,752,286,1
1857,752,351,1
1858,752,239,1
1859,752,809,1
1860,752,646,1
1861,752,898,1
1862,752,336,1
1863,752,838,1
1864,752,302,1
1865,757,242,1
1866,757,732,1
1867,759,30,1
1868,759,658,1
1869,759,681,1
1870,759,233,1
1871,759,298,1
1872,760,355,1
1873,760,424,1
1874,760,244,1
1875,760,574,1
1876,760,637,1
1877,760,15,1
1878,760,198,1
1879,760,853,1
1880,760,571,1
1881,760,0,1
1882,761,793,1
1883,761,577,1
1884,761,411,1
1885,761,335,1
1886,763,497,1
1887,763,620,1
1888,763,677,1
1889,763,199,1
1890,764,272,1
1891,764,506,1
1892,764,419,1
1893,764,39,1
1894,764,832,1
1895,764,755,1
1896,764,880,1
1897,764,618,1
1898,765,792,1
1899,765,557,1
1900,765,732,1
1901,765,869,1
1902,765,497,1
1903,765,870,1
1904,765,853,1
1905,765,613,1
1906,765,885,1
1907,765,290,1
1908,765,571,1
1909,765,190,1
1910,765,857,1
1911,768,82,1
1912,768,298,1
1913,768,205,1
1914,768,658,1
1915,768,13,1
1916,768,214,1
1917,768,575,1
1918,772,645,1
1919,772,461,1
1920,772,198,1
1921,772,550,1
1922,772,238,1
1923,772,248,1
1924,772,571,1
1925,772,638,1
1926,777,404,1
1927,780,211,1
1928,780,63,1
1929,780,367,1
1930,780,40,1
1931,787,496,1
1932,787,248,1
1933,787,892,1
1934,787,457,1
1935,787,655,1
1936,787,870,1
1937,787,605,1
1938,787,10,1
1939,787,668,1
1940,787,351,1
1941,787,30,1
1942,787,677,1
1943,787,591,1
1944,787,311,1
1945,787,492,1
1946,787,793,1
1947,787,889,1
1948,787,673,1
1949,787,273,1
1950,787,355,1
1951,787,461,1
1952,787,772,1
1953,787,574,1
1954,787,119,1
1955,787,637,1
1956,787,853,1
1957,788,270,1
1958,788,336,1
1959,788,459,1
1960,788,351,1
1961,788,750,1
1962,788,427,1
1963,788,886,1
1964,788,667,1
1965,789,201,1
1966,790,404,1
1967,792,355,1
1968,792,871,1
1969,792,846,1
1970,792,65,1
1971,792,85,1
1972,792,622,1
1973,792,762,1
1974,792,765,1
1975,792,715,1
1976,792,113,1
1977,792,117,1
1978,792,885,1
1979,792,856,1
1980,792,140,1
1981,792,701,1
1982,793,521,1
1983,793,489,1
1984,793,472,1
1985,793,30,1
1986,793,248,1
1987,793,787,1
1988,793,761,1
1989,795,302,1
1990,800,200,1
1991,800,554,1
1992,803,250,1
1993,803,637,1
1994,803,335,1
1995,803,298,1
1996,803,43,1
1997,803,30,1
1998,803,351,1
1999,803,715,1
2000,803,761,1
2001,803,538,1
2002,803,336,1
2003,803,811,1
2004,803,632,1
2005,803,355,1
2006,803,270,1
2007,803,577,1
2008,803,899,1
2009,803,658,1
2010,803,411,1
2011,803,457,1
2012,803,710,1
2013,803,286,1
2014,803,198,1
2015,804,885,1
2016,805,187,1
2017,805,341,1
2018,805,654,1
2019,805,309,1
2020,808,461,1
2021,808,508,1
2022,808,319,1
2023,808,588,1
2024,808,16,1
2025,808,550,1
2026,808,869,1
2027,808,755,1
2028,809,838,1
2029,809,742,1
2030,809,578,1
2031,809,311,1
2032,809,52,1
2033,809,302,1
2034,809,642,1
2035,809,336,1
2036,809,307,1
2037,809,282,1
2038,809,239,1
2039,809,116,1
2040,809,898,1
2041,809,646,1
2042,809,286,1
2043,809,322,1
2044,809,351,1
2045,809,621,1
2046,815,355,1
2047,815,508,1
2048,815,464,1
2049,815,402,1
2050,817,803,1
2051,824,637,1
2052,824,803,1
2053,824,43,1
2054,824,885,1
2055,824,207,1
2056,824,853,1
2057,824,170,1
2058,824,268,1
2059,828,803,1
2060,828,595,1
2061,828,658,1
2062,828,615,1
2063,829,568,1
2064,829,189,1
2065,829,447,1
2066,829,372,1
2067,829,740,1
2068,829,751,1
2069,829,295,1
2070,829,122,1
2071,831,512,1
2072,831,582,1
2073,832,562,1
2074,832,39,1
2075,832,193,1
2076,832,880,1
2077,832,506,1
2078,832,268,1
2079,832,272,1
2080,832,88,1
2081,838,52,1
2082,838,752,1
2083,838,642,1
2084,838,750,1
2085,838,351,1
2086,838,307,1
2087,838,252,1
2088,838,844,1
2089,838,282,1
2090,838,898,1
2091,838,311,1
2092,838,809,1
2093,838,302,1
2094,839,514,1
2095,839,673,1
2096,839,885,1
2097,839,267,1
2098,839,583,1
2099,839,841,1
2100,839,461,1
2101,839,656,1
2102,841,839,1
2103,842,198,1
2104,842,725,1
2105,842,13,1
2106,842,288,1
2107,846,372,1
2108,846,295,1
2109,846,829,1
2110,846,483,1
2111,846,189,1
2112,848,571,1
2113,848,763,1
2114,848,637,1
2115,848,765,1
2116,848,591,1
2117,848,472,1
2118,848,793,1
2119,848,677,1
2120,848,278,1
2121,849,87,1
2122,849,571,1
2123,849,262,1
2124,849,461,1
2125,850,355,1
2126,850,402,1
2127,850,31,1
2128,850,512,1
2129,850,205,1
2130,850,508,1
2131,850,451,1
2132,853,765,1
2133,853,355,1
2134,853,615,1
2135,853,424,1
2136,853,453,1
2137,853,460,1
2138,853,628,1
2139,853,885,1
2140,853,715,1
2141,853,244,1
2142,853,281,1
2143,853,440,1
2144,853,270,1
2145,853,595,1
2146,853,335,1
2147,853,82,1
2148,853,792,1
2149,853,722,1
2150,853,637,1
2151,853,198,1
2152,853,458,1
2153,856,80,1
2154,856,792,1
2155,856,335,1
2156,856,30,1
2157,857,128,1
2158,857,31,1
2159,857,193,1
2160,857,557,1
2161,857,853,1
2162,857,618,1
2163,857,885,1
2164,857,584,1
2165,858,242,1
2166,858,591,1
2167,858,535,1
2168,858,351,1
2169,858,164,1
2170,858,360,1
2171,858,584,1
2172,860,233,1
2173,867,129,1
2174,869,120,1
2175,869,265,1
2176,869,571,1
2177,869,808,1
2178,869,550,1
2179,870,190,1
2180,870,708,1
2181,870,671,1
2182,870,885,1
2183,870,644,1
2184,870,637,1
2185,870,217,1
2186,870,450,1
2187,871,35,1
2188,871,623,1
2189,872,259,1
2190,872,435,1
2191,875,199,1
2192,880,272,1
2193,880,268,1
2194,880,764,1
2195,880,419,1
2196,880,618,1
2197,880,755,1
2198,880,493,1
2199,882,29,1
2200,883,278,1
2201,883,113,1
2202,885,739,1
2203,885,737,1
2204,885,824,1
2205,885,278,1
2206,885,622,1
2207,885,736,1
2208,885,281,1
2209,885,834,1
2210,885,858,1
2211,885,650,1
2212,885,10,1
2213,885,15,1
2214,885,546,1
2215,885,787,1
2216,885,708,1
2217,885,453,1
2218,885,478,1
2219,885,475,1
2220,885,559,1
2221,885,128,1
2222,885,485,1
2223,885,623,1
2224,885,723,1
2225,885,335,1
2226,885,765,1
2227,885,460,1
2228,885,637,1
2229,885,457,1
2230,885,710,1
2231,885,175,1
2232,885,574,1
2233,885,681,1
2234,885,804,1
2235,885,431,1
2236,885,16,1
2237,885,644,1
2238,885,811,1
2239,885,261,1
2240,885,616,1
2241,885,25,1
2242,885,571,1
2243,885,133,1
2244,885,421,1
2245,885,564,1
2246,885,461,1
2247,885,119,1
2248,885,673,1
2249,885,30,1
2250,885,360,1
2251,885,216,1
2252,885,645,1
2253,885,552,1
2254,885,31,1
2255,885,440,1
2256,886,906,1
2257,886,351,1
2258,886,286,1
2259,886,570,1
2260,886,336,1
2261,886,750,1
2262,886,270,1
2263,891,170,1
2264,891,163,1
2265,892,667,1
2266,892,286,1
2267,892,571,1
2268,892,211,1
2269,892,173,1
2270,892,351,1
2271,892,239,1
2272,892,750,1
2273,892,572,1
2274,892,163,1
2275,898,152,1
2276,898,201,1
2277,898,311,1
2278,898,642,1
2279,898,838,1
2280,898,146,1
2281,898,307,1
2282,898,750,1
2283,898,742,1
2284,898,336,1
2285,898,321,1
2286,898,809,1
2287,898,252,1
2288,898,103,1
2289,899,335,1
2290,899,803,1
2291,901,655,1
2292,901,708,1
2293,901,562,1
2294,901,827,1
2295,901,273,1
2296,901,588,1
2297,901,492,1
2298,901,421,1
2299,901,384,1
2300,901,518,1
2301,901,546,1
2302,901,275,1
2303,903,628,1
2304,906,351,1
2305,906,55,1
2306,906,788,1
2307,906,270,1
2308,906,239,1
2309,906,152,1
2310,906,195,1
2311,906,540,1
2312,909,622,1
2313,909,164,1
2314,909,15,1
2315,909,677,1
2316,909,198,1
2317,909,288,1
2318,909,124,1
2319,909,907,1
2320,909,858,1
2321,909,595,1
2322,909,242,1
2323,0,181,0
2324,0,37,0
2325,0,537,0
2326,7,391,0
2327,13,656,0
2328,13,357,0
2329,13,27,0
2330,13,610,0
2331,13,494,0
2332,13,255,0
2333,13,585,0
2334,13,375,0
2335,24,708,0
2336,24,14,0
2337,24,783,0
2338,24,864,0
2339,25,853,0
2340,25,649,0
2341,25,330,0
2342,25,452,0
2343,25,115,0
2344,25,101,0
2345,25,745,0
2346,29,507,0
2347,29,363,0
2348,30,801,0
2349,30,625,0
2350,30,176,0
2351,30,424,0
2352,30,420,0
2353,30,469,0
2354,30,246,0
2355,30,796,0
2356,30,402,0
2357,30,17,0
2358,30,506,0
2359,30,564,0
2360,30,185,0
2361,30,769,0
2362,30,211,0
2363,30,202,0
2364,30,404,0
2365,30,590,0
2366,30,483,0
2367,30,468,0
2368,31,864,0
2369,31,729,0
2370,31,690,0
2371,31,410,0
2372,31,556,0
2373,31,1,0
2374,31,852,0
2375,31,535,0
2376,31,157,0
2377,31,905,0
2378,31,205,0
2379,31,412,0
2380,32,907,0
2381,32,63,0
2382,34,701,0
2383,35,832,0
2384,35,526,0
2385,35,699,0
2386,35,326,0
2387,35,94,0
2388,35,507,0
2389,35,23,0
2390,35,564,0
2391,35,491,0
2392,35,304,0
2393,35,574,0
2394,35,406,0
2395,35,353,0
2396,35,797,0
2397,35,127,0
2398,35,820,0
2399,35,325,0
2400,35,465,0
2401,35,156,0
2402,35,14,0
2403,40,609,0
2404,40,53,0
2405,40,179,0
2406,40,189,0
2407,40,696,0
2408,45,332,0
2409,45,95,0
2410,45,367,0
2411,45,31,0
2412,45,157,0
2413,45,76,0
2414,46,398,0
2415,46,116,0
2416,50,141,0
2417,50,725,0
2418,50,517,0
2419,50,291,0
2420,52,720,0
2421,52,580,0
2422,52,492,0
2423,52,77,0
2424,52,543,0
2425,52,870,0
2426,52,427,0
2427,52,572,0
2428,52,700,0
2429,52,203,0
2430,52,514,0
2431,52,798,0
2432,52,171,0
2433,52,806,0
2434,52,767,0
2435,54,681,0
2436,54,101,0
2437,54,791,0
2438,54,357,0
2439,54,327,0
2440,54,575,0
2441,54,810,0
2442,54,450,0
2443,54,297,0
2444,54,521,0
2445,54,720,0
2446,54,622,0
2447,54,539,0
2448,54,693,0
2449,54,796,0
2450,54,712,0
2451,54,756,0
2452,55,88,0
2453,55,799,0
2454,62,105,0
2455,62,39,0
2456,62,215,0
2457,62,145,0
2458,63,685,0
2459,63,652,0
2460,63,814,0
2461,63,845,0
2462,74,502,0
2463,74,199,0
2464,74,567,0
2465,74,480,0
2466,74,869,0
2467,74,140,0
2468,74,883,0
2469,74,467,0
2470,74,108,0
2471,74,856,0
2472,75,338,0
2473,75,613,0
2474,75,565,0
2475,75,105,0
2476,77,196,0
2477,80,213,0
2478,80,443,0
2479,80,826,0
2480,80,836,0
2481,80,877,0
2482,81,698,0
2483,82,194,0
2484,82,808,0
2485,82,47,0
2486,82,503,0
2487,82,325,0
2488,82,827,0
2489,82,547,0
2490,82,423,0
2491,82,842,0
2492,82,594,0
2493,83,252,0
2494,83,121,0
2495,85,432,0
2496,85,56,0
2497,89,136,0
2498,93,422,0
2499,93,99,0
2500,94,371,0
2501,98,484,0
2502,98,524,0
2503,103,661,0
2504,103,242,0
2505,103,122,0
2506,103,643,0
2507,103,341,0
2508,103,575,0
2509,103,1,0
2510,103,62,0
2511,105,356,0
2512,116,347,0
2513,116,128,0
2514,116,17,0
2515,116,233,0
2516,116,816,0
2517,116,535,0
2518,116,782,0
2519,116,796,0
2520,117,130,0
2521,119,748,0
2522,119,302,0
2523,119,148,0
2524,119,37,0
2525,120,372,0
2526,124,210,0
2527,124,863,0
2528,124,755,0
2529,124,354,0
2530,124,633,0
2531,126,746,0
2532,128,563,0
2533,128,560,0
2534,128,199,0
2535,128,157,0
2536,133,448,0
2537,133,274,0
2538,139,831,0
2539,140,334,0
2540,140,775,0
2541,140,278,0
2542,140,479,0
2543,140,653,0
2544,140,548,0
2545,140,112,0
2546,145,314,0
2547,145,350,0
2548,146,213,0
2549,151,281,0
2550,151,279,0
2551,152,897,0
2552,152,80,0
2553,152,852,0
2554,152,364,0
2555,152,675,0
2556,152,294,0
2557,152,396,0
2558,152,694,0
2559,152,808,0
2560,152,352,0
2561,152,53,0
2562,152,640,0
2563,152,513,0
2564,152,385,0
2565,152,165,0
2566,152,582,0
2567,152,170,0
2568,152,498,0
2569,152,237,0
2570,152,877,0
2571,152,168,0
2572,152,884,0
2573,152,2,0
2574,152,106,0
2575,152,696,0
2576,152,254,0
2577,152,164,0
2578,152,636,0
2579,152,873,0
2580,152,733,0
2581,152,616,0
2582,152,236,0
2583,152,579,0
2584,152,585,0
2585,152,517,0
2586,158,495,0
2587,158,336,0
2588,158,736,0
2589,158,194,0
2590,158,72,0
2591,158,334,0
2592,158,130,0
2593,162,537,0
2594,162,24,0
2595,162,555,0
2596,162,792,0
2597,162,815,0
2598,162,715,0
2599,162,637,0
2600,163,282,0
2601,163,341,0
2602,163,652,0
2603,163,243,0
2604,163,783,0
2605,163,437,0
2606,163,904,0
2607,164,364,0
2608,164,120,0
2609,164,769,0
2610,164,41,0
2611,164,581,0
2612,164,570,0
2613,165,880,0
2614,169,418,0
2615,169,739,0
2616,169,865,0
2617,169,237,0
2618,170,512,0
2619,170,462,0
2620,170,85,0
2621,170,365,0
2622,173,165,0
2623,173,378,0
2624,175,188,0
2625,175,55,0
2626,178,360,0
2627,178,13,0
2628,179,289,0
2629,179,905,0
2630,187,846,0
2631,187,493,0
2632,187,613,0
2633,187,64,0
2634,187,746,0
2635,187,10,0
2636,187,828,0
2637,187,188,0
2638,190,139,0
2639,190,494,0
2640,190,97,0
2641,190,625,0
2642,190,401,0
2643,190,60,0
2644,190,563,0
2645,190,788,0
2646,191,88,0
2647,195,805,0
2648,195,229,0
2649,195,459,0
2650,195,166,0
2651,195,93,0
2652,195,708,0
2653,195,542,0
2654,195,754,0
2655,198,411,0
2656,198,560,0
2657,198,336,0
2658,198,905,0
2659,198,506,0
2660,198,515,0
2661,198,607,0
2662,198,903,0
2663,198,276,0
2664,198,264,0
2665,198,104,0
2666,198,268,0
2667,198,16,0
2668,198,788,0
2669,198,636,0
2670,198,172,0
2671,198,778,0
2672,198,115,0
2673,198,820,0
2674,198,51,0
2675,198,545,0
2676,198,41,0
2677,199,97,0
2678,199,845,0
2679,199,482,0
2680,199,195,0
2681,199,77,0
2682,199,139,0
2683,199,483,0
2684,199,103,0
2685,199,833,0
2686,199,842,0
2687,200,612,0
2688,200,45,0
2689,200,521,0
2690,200,184,0
2691,201,293,0
2692,201,717,0
2693,201,216,0
2694,201,842,0
2695,201,245,0
2696,201,393,0
2697,201,431,0
2698,201,43,0
2699,201,317,0
2700,201,570,0
2701,201,442,0
2702,201,100,0
2703,201,137,0
2704,201,326,0
2705,201,483,0
2706,201,496,0
2707,201,256,0
2708,201,342,0
2709,201,320,0
2710,203,587,0
2711,204,595,0
2712,204,23,0
2713,204,510,0
2714,204,749,0
2715,204,198,0
2716,204,596,0
2717,204,794,0
2718,204,353,0
2719,204,855,0
2720,204,410,0
2721,205,216,0
2722,205,587,0
2723,205,648,0
2724,205,390,0
2725,205,647,0
2726,205,710,0
2727,205,227,0
2728,205,1,0
2729,205,874,0
2730,205,463,0
2731,205,356,0
2732,205,734,0
2733,205,842,0
2734,205,482,0
2735,205,860,0
2736,206,207,0
2737,206,742,0
2738,207,639,0
2739,207,67,0
2740,207,494,0
2741,207,440,0
2742,208,263,0
2743,211,562,0
2744,211,663,0
2745,211,257,0
2746,211,563,0
2747,211,182,0
2748,211,460,0
2749,211,689,0
2750,211,894,0
2751,211,311,0
2752,211,166,0
2753,211,745,0
2754,211,683,0
2755,212,760,0
2756,212,445,0
2757,212,143,0
2758,212,453,0
2759,212,385,0
2760,212,661,0
2761,212,581,0
2762,212,801,0
2763,216,637,0
2764,216,690,0
2765,219,782,0
2766,219,733,0
2767,219,901,0
2768,219,348,0
2769,223,336,0
2770,223,173,0
2771,223,787,0
2772,223,333,0
2773,229,685,0
2774,229,415,0
2775,229,784,0
2776,233,231,0
2777,233,484,0
2778,233,454,0
2779,233,578,0
2780,233,552,0
2781,233,116,0
2782,233,195,0
2783,238,877,0
2784,239,710,0
2785,239,694,0
2786,239,125,0
2787,239,433,0
2788,239,230,0
2789,239,542,0
2790,239,538,0
2791,239,685,0
2792,239,176,0
2793,239,402,0
2794,239,264,0
2795,239,291,0
2796,239,333,0
2797,239,697,0
2798,239,400,0
2799,239,340,0
2800,239,127,0
2801,239,705,0
2802,239,619,0
2803,239,766,0
2804,239,145,0
2805,239,805,0
2806,239,630,0
2807,239,632,0
2808,239,186,0
2809,239,0,0
2810,239,643,0
2811,239,701,0
2812,239,779,0
2813,239,381,0
2814,239,702,0
2815,239,775,0
2816,239,240,0
2817,239,872,0
2818,239,831,0
2819,242,601,0
2820,242,765,0
2821,242,314,0
2822,242,779,0
2823,242,325,0
2824,242,362,0
2825,242,673,0
2826,243,857,0
2827,244,859,0
2828,244,157,0
2829,244,659,0
2830,244,295,0
2831,244,17,0
2832,244,443,0
2833,244,767,0
2834,244,29,0
2835,244,24,0
2836,244,597,0
2837,248,433,0
2838,248,823,0
2839,248,118,0
2840,248,606,0
2841,248,444,0
2842,248,318,0
2843,248,186,0
2844,248,763,0
2845,248,57,0
2846,248,854,0
2847,248,632,0
2848,248,44,0
2849,248,565,0
2850,248,719,0
2851,250,909,0
2852,250,1,0
2853,250,16,0
2854,250,415,0
2855,252,639,0
2856,252,225,0
2857,252,626,0
2858,252,250,0
2859,252,417,0
2860,252,69,0
2861,252,142,0
2862,252,362,0
2863,252,77,0
2864,252,231,0
2865,252,105,0
2866,252,184,0
2867,252,545,0
2868,252,727,0
2869,252,177,0
2870,252,173,0
2871,254,534,0
2872,254,8,0
2873,254,839,0
2874,259,834,0
2875,259,233,0
2876,259,663,0
2877,259,618,0
2878,259,134,0
2879,259,807,0
2880,259,238,0
2881,259,643,0
2882,259,726,0
2883,259,208,0
2884,259,581,0
2885,259,123,0
2886,259,669,0
2887,261,685,0
2888,262,739,0
2889,262,284,0
2890,262,468,0
2891,262,854,0
2892,264,847,0
2893,268,209,0
2894,268,742,0
2895,268,397,0
2896,268,626,0
2897,268,750,0
2898,268,784,0
2899,268,150,0
2900,268,245,0
2901,268,685,0
2902,268,537,0
2903,268,145,0
2904,268,374,0
2905,270,223,0
2906,270,265,0
2907,270,220,0
2908,270,768,0
2909,270,263,0
2910,270,583,0
2911,270,579,0
2912,270,513,0
2913,270,133,0
2914,270,692,0
2915,278,137,0
2916,278,302,0
2917,278,207,0
2918,278,565,0
2919,278,268,0
2920,278,761,0
2921,278,789,0
2922,278,780,0
2923,278,37,0
2924,281,405,0
2925,281,720,0
2926,281,304,0
2927,281,200,0
2928,282,559,0
2929,282,89,0
2930,282,177,0
2931,282,519,0
2932,282,114,0
2933,282,193,0
2934,282,35,0
2935,282,94,0
2936,282,570,0
2937,282,458,0
2938,282,811,0
2939,282,163,0
2940,282,192,0
2941,282,424,0
2942,282,612,0
2943,282,4,0
2944,282,33,0
2945,282,542,0
2946,282,151,0
2947,286,227,0
2948,286,801,0
2949,286,653,0
2950,286,882,0
2951,286,346,0
2952,286,290,0
2953,286,274,0
2954,286,91,0
2955,286,273,0
2956,286,521,0
2957,286,409,0
2958,286,512,0
2959,286,446,0
2960,286,260,0
2961,286,618,0
2962,286,541,0
2963,286,550,0
2964,286,567,0
2965,286,476,0
2966,286,140,0
2967,286,18,0
2968,286,607,0
2969,286,735,0
2970,286,715,0
2971,286,551,0
2972,286,863,0
2973,286,82,0
2974,286,877,0
2975,286,554,0
2976,286,26,0
2977,286,234,0
2978,288,191,0
2979,288,762,0
2980,288,395,0
2981,288,686,0
2982,290,27,0
2983,290,211,0
2984,290,201,0
2985,290,69,0
2986,295,103,0
2987,295,358,0
2988,295,268,0
2989,295,150,0
2990,295,312,0
2991,295,299,0
2992,295,0,0
2993,295,440,0
2994,295,94,0
2995,295,718,0
2996,295,163,0
2997,295,748,0
2998,295,650,0
2999,298,508,0
3000,298,286,0
3001,298,769,0
3002,298,795,0
3003,298,147,0
3004,298,816,0
3005,298,70,0
3006,298,581,0
3007,298,723,0
3008,298,9,0
3009,298,253,0
3010,298,302,0
3011,302,303,0
3012,302,13,0
3013,302,276,0
3014,302,802,0
3015,302,766,0
3016,302,203,0
3017,302,70,0
3018,302,864,0
3019,302,509,0
3020,302,744,0
3021,302,897,0
3022,302,514,0
3023,302,107,0
3024,302,62,0
3025,302,192,0
3026,302,11,0
3027,304,256,0
3028,304,317,0
3029,304,697,0
3030,304,481,0
3031,307,137,0
3032,307,718,0
3033,307,334,0
3034,307,479,0
3035,307,531,0
3036,307,520,0
3037,307,44,0
3038,307,197,0
3039,307,454,0
3040,307,181,0
3041,307,130,0
3042,307,222,0
3043,307,561,0
3044,307,184,0
3045,311,310,0
3046,311,406,0
3047,311,645,0
3048,311,741,0
3049,311,470,0
3050,311,648,0
3051,311,88,0
3052,311,497,0
3053,311,736,0
3054,311,524,0
3055,311,337,0
3056,311,350,0
3057,311,806,0
3058,311,570,0
3059,311,318,0
3060,317,348,0
3061,318,862,0
3062,318,763,0
3063,319,792,0
3064,319,304,0
3065,319,555,0
3066,319,902,0
3067,319,888,0
3068,319,460,0
3069,321,297,0
3070,321,287,0
3071,321,373,0
3072,321,539,0
3073,321,902,0
3074,321,699,0
3075,321,796,0
3076,321,470,0
3077,321,813,0
3078,321,363,0
3079,321,877,0
3080,321,213,0
3081,321,681,0
3082,327,40,0
3083,327,841,0
3084,328,43,0
3085,328,14,0
3086,328,5,0
3087,328,442,0
3088,328,174,0
3089,328,82,0
3090,328,458,0
3091,328,580,0
3092,335,106,0
3093,335,622,0
3094,335,888,0
3095,335,527,0
3096,335,172,0
3097,335,469,0
3098,335,524,0
3099,335,389,0
3100,335,423,0
3101,335,871,0
3102,335,92,0
3103,335,550,0
3104,335,200,0
3105,335,663,0
3106,335,179,0
3107,335,119,0
3108,335,443,0
3109,335,181,0
3110,335,785,0
3111,335,350,0
3112,336,908,0
3113,336,849,0
3114,336,903,0
3115,336,358,0
3116,336,777,0
3117,336,51,0
3118,336,231,0
3119,336,141,0
3120,336,576,0
3121,336,460,0
3122,336,59,0
3123,336,89,0
3124,336,13,0
3125,336,55,0
3126,336,446,0
3127,336,72,0
3128,336,316,0
3129,336,101,0
3130,336,19,0
3131,336,206,0
3132,336,577,0
3133,336,640,0
3134,336,663,0
3135,336,747,0
3136,336,56,0
3137,336,415,0
3138,336,444,0
3139,336,278,0
3140,336,836,0
3141,340,220,0
3142,340,587,0
3143,341,79,0
3144,341,30,0
3145,341,855,0
3146,342,804,0
3147,342,64,0
3148,342,434,0
3149,342,270,0
3150,342,466,0
3151,351,290,0
3152,351,721,0
3153,351,156,0
3154,351,851,0
3155,351,579,0
3156,351,704,0
3157,351,397,0
3158,351,615,0
3159,351,546,0
3160,351,208,0
3161,351,505,0
3162,351,592,0
3163,351,105,0
3164,351,229,0
3165,351,539,0
3166,351,478,0
3167,351,657,0
3168,351,90,0
3169,351,481,0
3170,351,284,0
3171,351,538,0
3172,351,459,0
3173,351,430,0
3174,351,883,0
3175,351,277,0
3176,351,480,0
3177,351,414,0
3178,351,547,0
3179,351,378,0
3180,351,88,0
3181,351,860,0
3182,351,435,0
3183,355,210,0
3184,355,643,0
3185,355,740,0
3186,355,88,0
3187,355,2,0
3188,355,494,0
3189,355,646,0
3190,355,861,0
3191,355,638,0
3192,355,779,0
3193,355,897,0
3194,355,838,0
3195,355,488,0
3196,355,51,0
3197,355,322,0
3198,355,865,0
3199,355,285,0
3200,355,346,0
3201,355,196,0
3202,355,855,0
3203,355,419,0
3204,355,711,0
3205,355,738,0
3206,355,177,0
3207,355,211,0
3208,355,715,0
3209,355,33,0
3210,355,180,0
3211,356,426,0
3212,356,314,0
3213,356,188,0
3214,360,409,0
3215,360,615,0
3216,360,831,0
3217,360,352,0
3218,360,590,0
3219,360,269,0
3220,360,777,0
3221,360,316,0
3222,360,813,0
3223,360,786,0
3224,360,629,0
3225,361,838,0
3226,361,880,0
3227,361,138,0
3228,361,806,0
3229,361,157,0
3230,366,31,0
3231,367,152,0
3232,367,341,0
3233,372,803,0
3234,372,574,0
3235,372,489,0
3236,372,848,0
3237,372,41,0
3238,372,224,0
3239,372,40,0
3240,372,596,0
3241,372,409,0
3242,372,503,0
3243,372,534,0
3244,372,590,0
3245,372,560,0
3246,372,211,0
3247,372,779,0
3248,383,509,0
3249,383,397,0
3250,383,453,0
3251,383,250,0
3252,383,393,0
3253,383,769,0
3254,383,703,0
3255,383,526,0
3256,386,22,0
3257,386,10,0
3258,386,7,0
3259,386,305,0
3260,390,871,0
3261,390,605,0
3262,390,443,0
3263,390,633,0
3264,390,394,0
3265,390,228,0
3266,391,279,0
3267,396,190,0
3268,396,156,0
3269,396,357,0
3270,396,785,0
3271,397,208,0
3272,398,505,0
3273,398,15,0
3274,402,731,0
3275,402,229,0
3276,402,203,0
3277,402,251,0
3278,402,38,0
3279,402,510,0
3280,402,194,0
3281,404,744,0
3282,404,333,0
3283,411,486,0
3284,411,843,0
3285,411,43,0
3286,411,593,0
3287,411,814,0
3288,411,3,0
3289,411,532,0
3290,411,371,0
3291,411,375,0
3292,411,495,0
3293,411,261,0
3294,411,616,0
3295,411,553,0
3296,411,759,0
3297,411,49,0
3298,411,481,0
3299,417,152,0
3300,417,874,0
3301,419,266,0
3302,419,311,0
3303,419,517,0
3304,419,223,0
3305,419,67,0
3306,419,343,0
3307,419,24,0
3308,419,44,0
3309,423,349,0
3310,424,566,0
3311,424,604,0
3312,424,533,0
3313,424,751,0
3314,427,512,0
3315,427,581,0
3316,427,263,0
3317,427,835,0
3318,427,741,0
3319,427,487,0
3320,427,646,0
3321,427,268,0
3322,427,135,0
3323,427,468,0
3324,427,620,0
3325,427,111,0
3326,427,562,0
3327,427,409,0
3328,427,334,0
3329,427,662,0
3330,428,468,0
3331,428,774,0
3332,428,16,0
3333,434,775,0
3334,435,588,0
3335,435,242,0
3336,439,723,0
3337,439,465,0
3338,439,497,0
3339,450,255,0
3340,450,681,0
3341,450,631,0
3342,450,495,0
3343,450,242,0
3344,450,559,0
3345,450,590,0
3346,450,584,0
3347,450,782,0
3348,450,189,0
3349,453,770,0
3350,453,783,0
3351,453,375,0
3352,453,727,0
3353,453,272,0
3354,453,835,0
3355,453,878,0
3356,453,292,0
3357,453,598,0
3358,453,224,0
3359,453,214,0
3360,453,344,0
3361,453,394,0
3362,453,340,0
3363,453,101,0
3364,453,795,0
3365,457,833,0
3366,457,50,0
3367,457,396,0
3368,457,742,0
3369,457,431,0
3370,457,602,0
3371,457,260,0
3372,457,476,0
3373,457,791,0
3374,457,101,0
3375,457,219,0
3376,457,315,0
3377,458,864,0
3378,458,541,0
3379,458,740,0
3380,458,377,0
3381,459,36,0
3382,459,24,0
3383,459,435,0
3384,459,237,0
3385,459,80,0
3386,459,409,0
3387,459,754,0
3388,459,548,0
3389,460,142,0
3390,460,759,0
3391,460,630,0
3392,460,690,0
3393,460,242,0
3394,460,437,0
3395,460,78,0
3396,461,779,0
3397,461,172,0
3398,461,882,0
3399,461,118,0
3400,461,786,0
3401,461,502,0
3402,461,857,0
3403,461,705,0
3404,461,840,0
3405,461,710,0
3406,461,14,0
3407,461,258,0
3408,461,94,0
3409,461,614,0
3410,461,143,0
3411,462,320,0
3412,462,126,0
3413,462,796,0
3414,462,177,0
3415,464,846,0
3416,464,454,0
3417,464,709,0
3418,464,630,0
3419,464,907,0
3420,464,456,0
3421,464,329,0
3422,464,207,0
3423,465,729,0
3424,465,61,0
3425,465,509,0
3426,465,584,0
3427,465,852,0
3428,465,767,0
3429,465,430,0
3430,467,832,0
3431,468,14,0
3432,468,584,0
3433,468,396,0
3434,468,633,0
3435,468,45,0
3436,468,410,0
3437,468,800,0
3438,468,889,0
3439,471,444,0
3440,471,187,0
3441,471,721,0
3442,471,304,0
3443,471,57,0
3444,471,797,0
3445,471,541,0
3446,472,744,0
3447,472,728,0
3448,472,545,0
3449,472,522,0
3450,472,817,0
3451,472,376,0
3452,472,133,0
3453,472,231,0
3454,472,160,0
3455,472,421,0
3456,472,1,0
3457,472,750,0
3458,481,25,0
3459,483,534,0
3460,483,314,0
3461,483,705,0
3462,483,104,0
3463,483,370,0
3464,483,95,0
3465,483,556,0
3466,485,462,0
3467,485,369,0
3468,485,588,0
3469,485,577,0
3470,485,887,0
3471,485,715,0
3472,485,519,0
3473,488,226,0
3474,489,246,0
3475,489,718,0
3476,489,546,0
3477,491,838,0
3478,491,628,0
3479,491,464,0
3480,491,817,0
3481,491,635,0
3482,491,309,0
3483,491,804,0
3484,491,813,0
3485,491,798,0
3486,491,652,0
3487,491,563,0
3488,491,557,0
3489,491,559,0
3490,491,288,0
3491,491,179,0
3492,496,838,0
3493,496,569,0
3494,496,213,0
3495,496,862,0
3496,496,480,0
3497,496,541,0
3498,496,561,0
3499,496,610,0
3500,496,598,0
3501,496,609,0
3502,496,77,0
3503,496,545,0
3504,496,367,0
3505,496,682,0
3506,496,212,0
3507,496,358,0
3508,497,568,0
3509,497,466,0
3510,497,732,0
3511,497,710,0
3512,497,439,0
3513,497,660,0
3514,498,380,0
3515,498,5,0
3516,498,345,0
3517,498,471,0
3518,498,899,0
3519,498,452,0
3520,498,425,0
3521,498,692,0
3522,498,214,0
3523,498,475,0
3524,498,90,0
3525,498,283,0
3526,498,367,0
3527,498,821,0
3528,498,358,0
3529,498,1,0
3530,498,131,0
3531,498,116,0
3532,499,132,0
3533,499,215,0
3534,499,60,0
3535,499,237,0
3536,508,323,0
3537,508,764,0
3538,508,221,0
3539,508,399,0
3540,508,326,0
3541,508,569,0
3542,508,631,0
3543,508,177,0
3544,508,675,0
3545,508,672,0
3546,512,828,0
3547,512,650,0
3548,512,648,0
3549,512,77,0
3550,512,98,0
3551,512,711,0
3552,512,239,0
3553,512,695,0
3554,515,884,0
3555,519,140,0
3556,520,536,0
3557,520,7,0
3558,521,889,0
3559,521,820,0
3560,521,469,0
3561,521,804,0
3562,521,907,0
3563,521,165,0
3564,521,85,0
3565,521,613,0
3566,529,656,0
3567,531,789,0
3568,531,134,0
3569,531,675,0
3570,531,429,0
3571,531,827,0
3572,531,229,0
3573,531,598,0
3574,535,315,0
3575,535,674,0
3576,536,431,0
3577,536,321,0
3578,537,523,0
3579,537,379,0
3580,538,294,0
3581,538,38,0
3582,540,162,0
3583,540,858,0
3584,540,208,0
3585,540,331,0
3586,540,177,0
3587,540,850,0
3588,540,753,0
3589,541,885,0
3590,541,309,0
3591,541,533,0
3592,541,836,0
3593,541,254,0
3594,544,390,0
3595,549,386,0
3596,550,364,0
3597,550,840,0
3598,550,709,0
3599,550,584,0
3600,550,412,0
3601,550,722,0
3602,554,637,0
3603,556,16,0
3604,556,822,0
3605,556,744,0
3606,557,629,0
3607,557,732,0
3608,557,143,0
3609,557,786,0
3610,557,101,0
3611,557,652,0
3612,557,795,0
3613,564,54,0
3614,564,535,0
3615,564,285,0
3616,564,195,0
3617,564,43,0
3618,564,429,0
3619,564,684,0
3620,564,231,0
3621,568,269,0
3622,568,618,0
3623,568,164,0
3624,568,565,0
3625,568,194,0
3626,568,766,0
3627,568,722,0
3628,568,245,0
3629,568,576,0
3630,570,195,0
3631,570,513,0
3632,570,158,0
3633,570,390,0
3634,570,420,0
3635,570,858,0
3636,570,462,0
3637,570,534,0
3638,571,417,0
3639,571,890,0
3640,571,159,0
3641,571,466,0
3642,571,392,0
3643,571,339,0
3644,571,566,0
3645,571,497,0
3646,571,563,0
3647,571,171,0
3648,571,802,0
3649,571,142,0
3650,571,503,0
3651,571,897,0
3652,571,268,0
3653,571,846,0
3654,571,688,0
3655,571,90,0
3656,571,147,0
3657,571,42,0
3658,571,804,0
3659,571,830,0
3660,571,789,0
3661,571,153,0
3662,571,225,0
3663,571,331,0
3664,571,65,0
3665,571,578,0
3666,571,861,0
3667,571,172,0
3668,572,847,0
3669,572,465,0
3670,572,776,0
3671,572,770,0
3672,572,139,0
3673,572,597,0
3674,572,413,0
3675,572,90,0
3676,572,862,0
3677,572,252,0
3678,572,390,0
3679,572,843,0
3680,572,747,0
3681,574,709,0
3682,574,832,0
3683,574,277,0
3684,574,539,0
3685,574,113,0
3686,574,532,0
3687,575,273,0
3688,575,188,0
3689,577,582,0
3690,577,587,0
3691,577,490,0
3692,577,575,0
3693,577,908,0
3694,577,528,0
3695,578,259,0
3696,578,855,0
3697,578,709,0
3698,578,860,0
3699,578,695,0
3700,578,40,0
3701,578,8,0
3702,578,710,0
3703,582,430,0
3704,584,747,0
3705,584,496,0
3706,584,670,0
3707,584,633,0
3708,584,490,0
3709,584,454,0
3710,584,206,0
3711,584,131,0
3712,584,288,0
3713,585,262,0
3714,585,239,0
3715,585,233,0
3716,585,179,0
3717,587,68,0
3718,587,43,0
3719,591,727,0
3720,591,596,0
3721,591,496,0
3722,591,834,0
3723,591,7,0
3724,591,651,0
3725,591,26,0
3726,591,275,0
3727,592,146,0
3728,595,720,0
3729,595,329,0
3730,595,619,0
3731,595,588,0
3732,595,702,0
3733,595,874,0
3734,595,182,0
3735,595,265,0
3736,595,486,0
3737,595,615,0
3738,606,805,0
3739,606,564,0
3740,606,538,0
3741,606,307,0
3742,606,101,0
3743,606,627,0
3744,606,717,0
3745,606,110,0
3746,606,106,0
3747,606,423,0
3748,606,186,0
3749,606,707,0
3750,606,464,0
3751,606,680,0
3752,606,826,0
3753,606,698,0
3754,606,870,0
3755,606,100,0
3756,606,603,0
3757,606,727,0
3758,607,609,0
3759,607,48,0
3760,607,490,0
3761,607,349,0
3762,607,671,0
3763,607,328,0
3764,607,634,0
3765,607,434,0
3766,607,664,0
3767,607,569,0
3768,607,135,0
3769,607,770,0
3770,607,28,0
3771,607,755,0
3772,607,419,0
3773,607,319,0
3774,609,9,0
3775,615,55,0
3776,615,725,0
3777,615,622,0
3778,615,654,0
3779,616,879,0
3780,616,256,0
3781,618,627,0
3782,618,534,0
3783,618,436,0
3784,618,846,0
3785,618,540,0
3786,618,537,0
3787,618,462,0
3788,618,296,0
3789,618,435,0
3790,618,424,0
3791,621,780,0
3792,621,535,0
3793,621,77,0
3794,622,474,0
3795,622,588,0
3796,622,326,0
3797,622,301,0
3798,622,779,0
3799,622,128,0
3800,622,783,0
3801,622,0,0
3802,622,251,0
3803,622,40,0
3804,622,169,0
3805,622,760,0
3806,622,661,0
3807,622,653,0
3808,622,803,0
3809,622,405,0
3810,622,866,0
3811,622,262,0
3812,624,104,0
3813,624,856,0
3814,624,27,0
3815,624,251,0
3816,624,157,0
3817,624,721,0
3818,624,890,0
3819,624,141,0
3820,624,76,0
3821,624,64,0
3822,624,221,0
3823,624,857,0
3824,628,804,0
3825,628,480,0
3826,628,332,0
3827,632,798,0
3828,632,257,0
3829,632,788,0
3830,637,741,0
3831,637,363,0
3832,637,852,0
3833,637,408,0
3834,637,606,0
3835,637,667,0
3836,637,646,0
3837,637,503,0
3838,637,300,0
3839,637,733,0
3840,637,124,0
3841,637,313,0
3842,638,680,0
3843,638,470,0
3844,641,457,0
3845,641,612,0
3846,641,199,0
3847,641,630,0
3848,641,195,0
3849,642,645,0
3850,642,197,0
3851,642,518,0
3852,642,194,0
3853,642,656,0
3854,642,494,0
3855,642,547,0
3856,642,160,0
3857,642,238,0
3858,642,767,0
3859,642,149,0
3860,642,314,0
3861,642,357,0
3862,642,468,0
3863,642,674,0
3864,644,345,0
3865,644,289,0
3866,644,720,0
3867,644,522,0
3868,644,833,0
3869,644,257,0
3870,644,296,0
3871,644,521,0
3872,644,131,0
3873,646,522,0
3874,646,291,0
3875,646,829,0
3876,646,675,0
3877,646,526,0
3878,646,218,0
3879,646,287,0
3880,646,869,0
3881,646,468,0
3882,646,320,0
3883,646,766,0
3884,646,607,0
3885,650,753,0
3886,650,510,0
3887,650,253,0
3888,650,267,0
3889,650,247,0
3890,650,465,0
3891,650,408,0
3892,650,156,0
3893,650,58,0
3894,650,653,0
3895,650,754,0
3896,650,99,0
3897,650,691,0
3898,650,712,0
3899,650,695,0
3900,654,227,0
3901,654,571,0
3902,654,303,0
3903,654,59,0
3904,654,698,0
3905,654,788,0
3906,654,757,0
3907,658,614,0
3908,658,783,0
3909,658,742,0
3910,658,858,0
3911,658,227,0
3912,658,362,0
3913,658,681,0
3914,658,543,0
3915,658,96,0
3916,658,617,0
3917,658,103,0
3918,658,503,0
3919,658,410,0
3920,658,521,0
3921,658,274,0
3922,658,206,0
3923,658,852,0
3924,658,603,0
3925,658,800,0
3926,658,512,0
3927,658,635,0
3928,660,197,0
3929,660,200,0
3930,660,671,0
3931,660,174,0
3932,660,359,0
3933,660,251,0
3934,660,0,0
3935,660,661,0
3936,660,886,0
3937,660,907,0
3938,660,881,0
3939,660,128,0
3940,660,293,0
3941,660,105,0
3942,660,796,0
3943,660,540,0
3944,660,433,0
3945,664,213,0
3946,664,212,0
3947,664,450,0
3948,667,891,0
3949,667,4,0
3950,667,655,0
3951,667,408,0
3952,667,111,0
3953,667,158,0
3954,667,835,0
3955,667,69,0
3956,667,457,0
3957,667,501,0
3958,667,123,0
3959,667,534,0
3960,667,469,0
3961,667,657,0
3962,667,371,0
3963,667,237,0
3964,667,599,0
3965,667,778,0
3966,667,680,0
3967,667,691,0
3968,667,451,0
3969,667,370,0
3970,667,493,0
3971,667,333,0
3972,667,446,0
3973,667,848,0
3974,667,693,0
3975,667,488,0
3976,667,431,0
3977,667,376,0
3978,667,549,0
3979,667,80,0
3980,667,399,0
3981,667,388,0
3982,667,779,0
3983,668,768,0
3984,668,244,0
3985,668,648,0
3986,668,800,0
3987,668,777,0
3988,670,545,0
3989,670,130,0
3990,670,529,0
3991,670,558,0
3992,671,819,0
3993,671,804,0
3994,671,644,0
3995,671,353,0
3996,671,226,0
3997,671,618,0
3998,671,875,0
3999,671,348,0
4000,671,129,0
4001,671,883,0
4002,671,620,0
4003,671,5,0
4004,671,124,0
4005,671,767,0
4006,671,530,0
4007,671,848,0
4008,671,908,0
4009,671,647,0
4010,671,498,0
4011,671,439,0
4012,673,488,0
4013,673,327,0
4014,673,639,0
4015,673,808,0
4016,673,291,0
4017,674,354,0
4018,674,770,0
4019,674,104,0
4020,674,855,0
4021,674,784,0
4022,674,279,0
4023,674,435,0
4024,674,575,0
4025,677,16,0
4026,677,631,0
4027,677,502,0
4028,677,380,0
4029,677,875,0
4030,677,405,0
4031,677,32,0
4032,677,387,0
4033,677,639,0
4034,677,482,0
4035,677,279,0
4036,677,609,0
4037,677,248,0
4038,677,441,0
4039,677,83,0
4040,677,311,0
4041,680,590,0
4042,687,221,0
4043,687,800,0
4044,687,712,0
4045,687,277,0
4046,687,779,0
4047,687,665,0
4048,687,866,0
4049,687,639,0
4050,687,27,0
4051,691,742,0
4052,691,652,0
4053,691,865,0
4054,691,666,0
4055,691,157,0
4056,691,333,0
4057,691,105,0
4058,691,762,0
4059,691,220,0
4060,691,187,0
4061,699,322,0
4062,699,408,0
4063,703,268,0
4064,703,808,0
4065,704,284,0
4066,704,219,0
4067,708,140,0
4068,708,310,0
4069,708,862,0
4070,708,0,0
4071,708,47,0
4072,708,125,0
4073,708,825,0
4074,708,167,0
4075,708,474,0
4076,708,820,0
4077,708,542,0
4078,708,141,0
4079,708,578,0
4080,708,100,0
4081,708,210,0
4082,708,776,0
4083,708,504,0
4084,708,274,0
4085,708,240,0
4086,708,866,0
4087,709,856,0
4088,709,363,0
4089,709,776,0
4090,709,275,0
4091,710,598,0
4092,710,607,0
4093,714,506,0
4094,714,644,0
4095,714,595,0
4096,714,3,0
4097,715,690,0
4098,715,398,0
4099,715,145,0
4100,715,45,0
4101,715,526,0
4102,715,846,0
4103,715,823,0
4104,715,372,0
4105,715,323,0
4106,717,779,0
4107,717,233,0
4108,717,159,0
4109,722,134,0
4110,722,392,0
4111,725,825,0
4112,725,749,0
4113,725,785,0
4114,725,176,0
4115,725,140,0
4116,725,156,0
4117,732,282,0
4118,732,845,0
4119,732,447,0
4120,732,742,0
4121,732,589,0
4122,732,540,0
4123,734,326,0
4124,736,636,0
4125,736,830,0
4126,736,134,0
4127,736,166,0
4128,736,29,0
4129,737,903,0
4130,739,408,0
4131,741,8,0
4132,742,162,0
4133,742,20,0
4134,742,75,0
4135,742,614,0
4136,742,670,0
4137,742,454,0
4138,747,457,0
4139,747,757,0
4140,748,16,0
4141,750,32,0
4142,750,413,0
4143,750,846,0
4144,750,476,0
4145,750,399,0
4146,750,835,0
4147,750,359,0
4148,750,743,0
4149,750,524,0
4150,750,348,0
4151,750,875,0
4152,750,170,0
4153,750,365,0
4154,750,4,0
4155,750,541,0
4156,750,454,0
4157,750,458,0
4158,750,600,0
4159,750,366,0
4160,750,49,0
4161,750,329,0
4162,750,887,0
4163,750,291,0
4164,750,509,0
4165,750,74,0
4166,750,259,0
4167,750,491,0
4168,750,189,0
4169,752,72,0
4170,752,396,0
4171,752,869,0
4172,752,499,0
4173,752,408,0
4174,752,397,0
4175,752,332,0
4176,752,850,0
4177,752,736,0
4178,752,96,0
4179,752,480,0
4180,752,0,0
4181,752,847,0
4182,752,872,0
4183,752,798,0
4184,752,353,0
4185,752,75,0
4186,752,137,0
4187,752,546,0
4188,757,609,0
4189,757,872,0
4190,759,237,0
4191,759,476,0
4192,759,884,0
4193,759,669,0
4194,759,366,0
4195,760,262,0
4196,760,436,0
4197,760,109,0
4198,760,510,0
4199,760,535,0
4200,760,755,0
4201,760,427,0
4202,760,635,0
4203,760,107,0
4204,760,785,0
4205,761,490,0
4206,761,758,0
4207,761,267,0
4208,761,401,0
4209,763,868,0
4210,763,522,0
4211,763,292,0
4212,763,635,0
4213,764,457,0
4214,764,425,0
4215,764,552,0
4216,764,326,0
4217,764,898,0
4218,764,500,0
4219,764,103,0
4220,764,751,0
4221,765,199,0
4222,765,544,0
4223,765,733,0
4224,765,393,0
4225,765,333,0
4226,765,890,0
4227,765,39,0
4228,765,887,0
4229,765,575,0
4230,765,617,0
4231,765,506,0
4232,765,879,0
4233,765,381,0
4234,768,710,0
4235,768,8,0
4236,768,906,0
4237,768,732,0
4238,768,548,0
4239,768,450,0
4240,768,191,0
4241,772,473,0
4242,772,857,0
4243,772,605,0
4244,772,338,0
4245,772,130,0
4246,772,674,0
4247,772,558,0
4248,772,581,0
4249,777,816,0
4250,780,107,0
4251,780,676,0
4252,780,744,0
4253,780,205,0
4254,787,113,0
4255,787,168,0
4256,787,815,0
4257,787,828,0
4258,787,402,0
4259,787,732,0
4260,787,583,0
4261,787,430,0
4262,787,895,0
4263,787,638,0
4264,787,884,0
4265,787,588,0
4266,787,233,0
4267,787,758,0
4268,787,628,0
4269,787,809,0
4270,787,253,0
4271,787,224,0
4272,787,627,0
4273,787,256,0
4274,787,863,0
4275,787,394,0
4276,787,204,0
4277,787,832,0
4278,787,346,0
4279,787,35,0
4280,788,126,0
4281,788,238,0
4282,788,130,0
4283,788,10,0
4284,788,293,0
4285,788,749,0
4286,788,811,0
4287,788,854,0
4288,789,555,0
4289,790,784,0
4290,792,335,0
4291,792,745,0
4292,792,716,0
4293,792,527,0
4294,792,581,0
4295,792,441,0
4296,792,132,0
4297,792,18,0
4298,792,172,0
4299,792,486,0
4300,792,379,0
4301,792,723,0
4302,792,886,0
4303,792,781,0
4304,792,299,0
4305,793,167,0
4306,793,230,0
4307,793,374,0
4308,793,703,0
4309,793,142,0
4310,793,470,0
4311,793,748,0
4312,795,511,0
4313,800,523,0
4314,800,389,0
4315,803,264,0
4316,803,887,0
4317,803,519,0
4318,803,900,0
4319,803,477,0
4320,803,614,0
4321,803,121,0
4322,803,450,0
4323,803,9,0
4324,803,31,0
4325,803,300,0
4326,803,1,0
4327,803,851,0
4328,803,813,0
4329,803,641,0
4330,803,280,0
4331,803,29,0
4332,803,901,0
4333,803,490,0
4334,803,190,0
4335,803,449,0
4336,803,734,0
4337,803,434,0
4338,804,723,0
4339,805,602,0
4340,805,192,0
4341,805,483,0
4342,805,195,0
4343,808,875,0
4344,808,424,0
4345,808,482,0
4346,808,100,0
4347,808,278,0
4348,808,299,0
4349,808,197,0
4350,808,414,0
4351,809,788,0
4352,809,631,0
4353,809,197,0
4354,809,534,0
4355,809,459,0
4356,809,342,0
4357,809,176,0
4358,809,690,0
4359,809,162,0
4360,809,651,0
4361,809,540,0
4362,809,179,0
4363,809,506,0
4364,809,818,0
4365,809,441,0
4366,809,395,0
4367,809,422,0
4368,809,271,0
4369,815,113,0
4370,815,708,0
4371,815,153,0
4372,815,52,0
4373,817,543,0
4374,824,336,0
4375,824,137,0
4376,824,44,0
4377,824,251,0
4378,824,296,0
4379,824,122,0
4380,824,85,0
4381,824,331,0
4382,828,507,0
4383,828,35,0
4384,828,563,0
4385,828,86,0
4386,829,686,0
4387,829,126,0
4388,829,26,0
4389,829,770,0
4390,829,67,0
4391,829,826,0
4392,829,354,0
4393,829,574,0
4394,831,576,0
4395,831,272,0
4396,832,812,0
4397,832,244,0
4398,832,77,0
4399,832,620,0
4400,832,483,0
4401,832,560,0
4402,832,195,0
4403,832,324,0
4404,838,452,0
4405,838,163,0
4406,838,617,0
4407,838,408,0
4408,838,530,0
4409,838,182,0
4410,838,470,0
4411,838,548,0
4412,838,332,0
4413,838,445,0
4414,838,882,0
4415,838,859,0
4416,838,852,0
4417,839,635,0
4418,839,876,0
4419,839,378,0
4420,839,724,0
4421,839,779,0
4422,839,164,0
4423,839,268,0
4424,839,568,0
4425,841,365,0
4426,842,469,0
4427,842,695,0
4428,842,33,0
4429,842,27,0
4430,846,221,0
4431,846,786,0
4432,846,15,0
4433,846,176,0
4434,846,659,0
4435,848,85,0
4436,848,739,0
4437,848,394,0
4438,848,268,0
4439,848,105,0
4440,848,23,0
4441,848,234,0
4442,848,743,0
4443,848,6,0
4444,849,80,0
4445,849,755,0
4446,849,493,0
4447,849,440,0
4448,850,671,0
4449,850,853,0
4450,850,195,0
4451,850,854,0
4452,850,497,0
4453,850,23,0
4454,850,268,0
4455,853,80,0
4456,853,325,0
4457,853,98,0
4458,853,713,0
4459,853,251,0
4460,853,783,0
4461,853,476,0
4462,853,133,0
4463,853,343,0
4464,853,411,0
4465,853,708,0
4466,853,621,0
4467,853,806,0
4468,853,740,0
4469,853,215,0
4470,853,719,0
4471,853,745,0
4472,853,15,0
4473,853,612,0
4474,853,342,0
4475,853,867,0
4476,856,8,0
4477,856,842,0
4478,856,546,0
4479,856,44,0
4480,857,414,0
4481,857,368,0
4482,857,339,0
4483,857,711,0
4484,857,377,0
4485,857,187,0
4486,857,371,0
4487,857,662,0
4488,858,406,0
4489,858,206,0
4490,858,598,0
4491,858,525,0
4492,858,891,0
4493,858,145,0
4494,858,130,0
4495,860,179,0
4496,867,56,0
4497,869,183,0
4498,869,881,0
4499,869,516,0
4500,869,754,0
4501,869,53,0
4502,870,416,0
4503,870,836,0
4504,870,312,0
4505,870,760,0
4506,870,395,0
4507,870,706,0
4508,870,220,0
4509,870,505,0
4510,871,733,0
4511,871,818,0
4512,872,492,0
4513,872,567,0
4514,875,865,0
4515,880,275,0
4516,880,133,0
4517,880,873,0
4518,880,209,0
4519,880,188,0
4520,880,826,0
4521,880,466,0
4522,882,61,0
4523,883,543,0
4524,883,417,0
4525,885,171,0
4526,885,908,0
4527,885,846,0
4528,885,876,0
4529,885,649,0
4530,885,97,0
4531,885,59,0
4532,885,401,0
4533,885,124,0
4534,885,386,0
4535,885,305,0
4536,885,800,0
4537,885,373,0
4538,885,783,0
4539,885,818,0
4540,885,270,0
4541,885,433,0
4542,885,742,0
4543,885,713,0
4544,885,798,0
4545,885,393,0
4546,885,704,0
4547,885,425,0
4548,885,349,0
4549,885,875,0
4550,885,79,0
4551,885,821,0
4552,885,377,0
4553,885,631,0
4554,885,354,0
4555,885,882,0
4556,885,146,0
4557,885,527,0
4558,885,588,0
4559,885,500,0
4560,885,38,0
4561,885,770,0
4562,885,384,0
4563,885,813,0
4564,885,280,0
4565,885,455,0
4566,885,907,0
4567,885,474,0
4568,885,411,0
4569,885,391,0
4570,885,397,0
4571,885,569,0
4572,885,257,0
4573,885,502,0
4574,885,604,0
4575,885,366,0
4576,885,617,0
4577,885,721,0
4578,885,859,0
4579,886,861,0
4580,886,312,0
4581,886,552,0
4582,886,410,0
4583,886,344,0
4584,886,37,0
4585,886,670,0
4586,891,502,0
4587,891,563,0
4588,892,822,0
4589,892,831,0
4590,892,90,0
4591,892,690,0
4592,892,903,0
4593,892,298,0
4594,892,276,0
4595,892,69,0
4596,892,650,0
4597,892,751,0
4598,898,140,0
4599,898,272,0
4600,898,477,0
4601,898,557,0
4602,898,401,0
4603,898,507,0
4604,898,269,0
4605,898,148,0
4606,898,268,0
4607,898,782,0
4608,898,528,0
4609,898,863,0
4610,898,435,0
4611,898,243,0
4612,899,107,0
4613,899,806,0
4614,901,728,0
4615,901,603,0
4616,901,12,0
4617,901,674,0
4618,901,628,0
4619,901,79,0
4620,901,443,0
4621,901,143,0
4622,901,599,0
4623,901,664,0
4624,901,737,0
4625,901,569,0
4626,903,580,0
4627,906,583,0
4628,906,246,0
4629,906,54,0
4630,906,909,0
4631,906,249,0
4632,906,304,0
4633,906,89,0
4634,906,876,0
4635,909,433,0
4636,909,78,0
4637,909,626,0
4638,909,617,0
4639,909,733,0
4640,909,652,0
4641,909,230,0
4642,909,457,0
4643,909,528,0
4644,909,860,0
4645,909,847,0
